"Apple iPhone 15 Dual eSIM 128GB Black (A3090) (195949035982) - EU Spec","<20","1028-130389-21109","628.00","195949035982"
"Apple iPhone 15 Dual eSIM 128GB Green (A3090) (195949036705) - EU Spec","<5","1028-130393-21110","628.00","195949036705"
"Apple iPhone 15 Dual eSIM 128GB Green (A3090) (195949036750) - EU Spec","<20","1028-130393-20719","628.00","195949036750"
"Apple iPhone 15 Dual eSIM 128GB Yellow (A3090) (195949036347) - EU Spec","<5","1028-130391-21112","628.00","195949036347"
"Apple iPhone 15 Pro Dual eSIM 128GB Blue Titanium (A3102) (195949019111) - EU Spec","<5","1028-130397-20510","860.00","195949019111"
"Apple iPhone 16 Pro Dual eSIM 128GB Natural Titanium (A3293) (195949771774) - EU Spec","<20","1028-131510-21200","929.00","195949771774"
"Motorola Edge 50 Neo Dual 5G 256GB 8GB RAM Pantone Grisaille (840023278426) - EU Spec","<50","1015-131640","297.00","840023278426"
"Motorola Edge 50 Neo Dual 5G 256GB 8GB RAM Pantone Latte (840023278440) - EU Spec","<50","1015-131641","297.00","840023278440"
"Motorola Edge 50 Pro Dual 5G 512GB 12GB RAM Luxe Lavender (0840023257537) - EU Spec","<20","1015-131631","339.00","0840023257537"
"Motorola Moto G85 Dual 5G 256GB 8GB RAM Olive Green (0840023276064) - EU Spec","50+","1015-131639","163.00","0840023276064"
"Samsung A055F-DS Galaxy A05 Dual LTE 64GB 4GB RAM Black (8806095229447) - Africa Spec","<30","1009-130765-20747","71.00","8806095229447"
"Samsung A055F-DS Galaxy A05 Dual LTE 64GB 4GB RAM Black (8806095229454) - Africa Spec","50+","1009-130704-20975","71.00","8806095229454"
"Samsung A055F-DS Galaxy A05 Dual LTE 64GB 4GB RAM Lime Green (8806095229515) - Africa Spec","<50","1009-130706-21007","71.00","8806095229515"
"Samsung A055F-DS Galaxy A05 Dual LTE 64GB 4GB RAM Silver (8806095229393) - Africa Spec","<50","1009-130767-20914","71.00","8806095229393"
"Samsung A057G-DSN Galaxy A05s Dual LTE 128GB 4GB RAM Silver (8806095268231) - EU Spec","<20","1009-130788","97.00","8806095268231"
"Samsung A057G-DSN Galaxy A05s Dual LTE 64GB 4GB RAM Black (8806095268378) - EU Spec","50+","1009-131194","88.00","8806095268378"
"Samsung A057G-DSN Galaxy A05s Dual LTE 64GB 4GB RAM Silver (8806095268286) - EU Spec","50+","1009-130787","87.00","8806095268286"
"Samsung A057G-DSN Galaxy A05s Dual LTE 64GB 4GB RAM Light Green (8806095268484) - EU Spec","<50","1009-131282","87.00","8806095268484"
"Samsung A057G-DSN Galaxy A05s Dual LTE 128GB 4GB RAM Black (8806095268330) - EU Spec","50+","1009-130896","98.00","8806095268330"
"Samsung A057G-DSN Galaxy A05s Dual LTE 128GB 4GB RAM Light Green (8806095268439) - EU Spec","<50","1009-130786","97.00","8806095268439"
"Samsung A065F-DS Galaxy A06 Dual LTE 128GB 4GB RAM Black (8806095723686) - Asia Spec","50+","1009-131588-21242","82.00","8806095723686"
"Samsung A065F-DS Galaxy A06 Dual LTE 128GB 4GB RAM Light Blue (8806095747743) - Asia Spec","50+","1009-131589-21243","82.00","8806095747743"
"Samsung A065F-DS Galaxy A06 Dual LTE 128GB 4GB RAM Light Green (8806095747682) - Asia Spec","50+","1009-131691-21244","82.00","8806095747682"
"Samsung A065F-DS Galaxy A06 Dual LTE 64GB 4GB RAM Black (8806095751948) - Arab Spec","50+","1009-131585-21189","72.00","8806095751948"
"Samsung A165F-DS Galaxy A16 Dual LTE 128GB 4GB RAM Black (8806095818634) - Arab Spec","50+","1009-131692-21245","125.00","8806095818634"
"Samsung A165F-DSB Galaxy A16 Dual LTE 128GB 4GB RAM Light Green (8806095822990) - EU Spec","50+","1009-131632","129.00","8806095822990"
"Samsung A165F-DS Galaxy A16 Dual LTE 256GB 8GB RAM Black (8806095818498) - Arab Spec","50+","1009-131694-21237","159.00","8806095818498"
"Samsung A165F-DS Galaxy A16 Dual LTE 256GB 8GB RAM Grey (8806095818702) - Arab Spec","50+","1009-131695-21238","159.00","8806095818702"
"Samsung A166B-DS Galaxy A16 Dual 5G 128GB 4GB RAM Blue Black (8806095781730) - EU Spec","50+","1009-131566","145.00","8806095781730"
"Samsung A166B-DS Galaxy A16 Dual 5G 128GB 4GB RAM Light Gray (8806095795768) - EU Spec","50+","1009-131565","145.00","8806095795768"
"Samsung A166B-DS Galaxy A16 Dual 5G 128GB 4GB RAM Light Green (8806095781853) - EU Spec","50+","1009-131564","145.00","8806095781853"
"Samsung A165F-DSB Galaxy A16 Dual LTE 128GB 4GB RAM Gray (8806095822846) - EU Spec","50+","1009-131642","129.00","8806095822846"
"Samsung A165F-DS Galaxy A16 Dual LTE 128GB 4GB RAM Grey (8806095818832) - Arab Spec","50+","1009-131693-21239","125.00","8806095818832"
"Samsung A256E-DSN Galaxy A25 Dual 5G 128GB 6GB RAM Light Blue (8806095367682) - Arab Spec","<20","1009-130717-20694","160.00","8806095367682"
"Samsung A256E-DSN Galaxy A25 Dual 5G 256GB 8GB RAM Blue Black (8806095138671) - Arab Spec","50+","1009-131157-21105","179.00","8806095138671"
"Samsung A256B-DSN Galaxy A25 Dual 5G 256GB 8GB RAM Yellow (8806095382654) - EU Spec","<20","1009-130775","187.00","8806095382654"
"Samsung A256E-DSN Galaxy A25 Dual 5G 256GB 8GB RAM Blue (8806095367491) - Arab Spec","50+","1009-131158-21104","179.00","8806095367491"
"Samsung A256E-DSN Galaxy A25 Dual 5G 128GB 6GB RAM Blue Black (8806095138695) - Arab Spec","<50","1009-130716","160.00","8806095138695"
"Samsung A356B-DS Galaxy A35 Dual 5G 128GB 6GB RAM Awesome Navy (8806095457864) - EU Spec","50+","1009-131028","197.00","8806095457864"
"Samsung A356B-DS Galaxy A35 Dual 5G 128GB 6GB RAM Awesome Lemon (8806095457734) - EU Spec","<50","1009-131036","195.00","8806095457734"
"Samsung A356B-DS Galaxy A35 Dual 5G 128GB 6GB RAM Awesome Lilac (8806095457970) - EU Spec","<50","1009-131024","197.00","8806095457970"
"Samsung A556B-DS Galaxy A55 Dual 5G 128GB 8GB RAM Awesome Iceblue (8806095467375) - EU Spec","50+","1009-131025","265.00","8806095467375"
"Samsung A556B-DS Galaxy A55 Dual 5G 128GB 8GB RAM Awesome Lemon (8806095467535) - EU Spec","50+","1009-131026","265.00","8806095467535"
"Samsung A556B-DS Galaxy A55 Dual 5G 128GB 8GB RAM Awesome Navy (8806095467146) - EU Spec","50+","1009-131004","265.00","8806095467146"
"Samsung A556E-DS Galaxy A55 Dual 5G 256GB 8GB RAM Ice Blue (8806095522555) - Indian Spec","<50","1009-131593-21241","281.00","8806095522555"
"Samsung S921B-DS Galaxy S24 Dual 5G 128GB 8GB RAM Cobalt Violet (8806095299686) - EU Spec","<50","1009-130871","499.00","8806095299686"
"Samsung S921B-DS Galaxy S24 Dual 5G 128GB 8GB RAM Marble Gray (8806095299815) - EU Spec","50+","1009-130867","499.00","8806095299815"
"Samsung S928B-DS Galaxy S24 Ultra Dual 5G 256GB 12GB RAM Titanium Black (8806095414584) - EU Spec","<50","1009-130873","788.00","8806095414584"
"Samsung S928B-DS Galaxy S24 Ultra Dual 5G 512GB 12GB RAM Titanium Black (8806095308180) - EU Spec","50+","1009-130937","872.00","8806095308180"
"Samsung S928B-DS Galaxy S24 Ultra Dual 5G 512GB 12GB RAM Titanium Gray (8806095309200) - EU Spec","50+","1009-130875","875.00","8806095309200"
"Ulefone Armor 20WT Dual LTE 256GB 12GB RAM Black (6937748735243) - EU Spec","<5","1042-130246-20453","206.00","6937748735243"
"Ulefone Armor 21 Dual LTE 256GB 8GB RAM Black (6937748735366) - EU Spec","<50","1042-130412","168.00","6937748735366"
"Ulefone Armor 22 Dual LTE 128GB 8GB RAM Black (6937748735496) - EU Spec","<50","1042-130409-20525","131.00","6937748735496"
"Ulefone Armor 22 Dual LTE 128GB 8GB RAM Green (6937748735540) - EU Spec","<50","1042-130411-20524","131.00","6937748735540"
"Ulefone Armor 22 Dual LTE 256GB 8GB RAM Black (6937748735595) - EU Spec","<20","1042-130408-20528","162.00","6937748735595"
"Ulefone Armor 22 Dual LTE 256GB 8GB RAM Green (6937748735601) - EU Spec","<30","1042-130410-20529","162.00","6937748735601"
"Ulefone Armor 23 Ultra Dual LTE 512GB 12GB RAM Black (6937748735953) - EU Spec","<20","1042-130880-20783","318.00","6937748735953"
"Ulefone Armor 24 Dual LTE 256GB 12GB RAM Black (6937748735670) - EU Spec","<50","1042-130620-20653","195.00","6937748735670"
"Ulefone Armor 25T Dual LTE 256GB 6GB RAM Black (6975326662871) - EU Spec","50+","1042-131309-21051","236.00","6975326662871"
"Ulefone Armor 25T Pro Dual 5G 256GB 6GB RAM Black (6937748736127) - EU Spec","50+","1042-131262-21009","264.00","6937748736127"
"Ulefone Armor 26 Ultra Dual 5G 512GB 12GB RAM Black (6937748736097) - EU Spec","<20","1042-131261-21012","349.00","6937748736097"
"Ulefone Armor 26 Ultra Dual 5G 512GB 12GB RAM Black (Walkie Talkie Version) (6937748736226) - EU Spec","<20","1042-131260-21011","399.00","6937748736226"
"Ulefone Armor 27 Dual 5G 256GB 12GB RAM Black (with night vision) (6975326663892) - EU Spec","<50","1042-131699-21250","225.00","6975326663892"
"Ulefone Armor 27 Pro Dual 5G 256GB 12GB RAM Black (with night vision) (6975326662840) - EU Spec","<50","1042-131542-21159","258.00","6975326662840"
"Ulefone Armor 27T Dual 5G 256GB 12GB RAM Black (with thermal imaging and night vision) (6975326663885) - EU Spec","<50","1042-131700-21251","274.00","6975326663885"
"Ulefone Armor 27T Pro Dual 5G 256GB 12GB RAM Black (with thermal imaging) (6975326662833) - EU Spec","<20","1042-131476-21162","312.00","6975326662833"
"Ulefone Armor Mini 20 Pro Dual 5G 256GB 8GB RAM Black (6975326663243) - EU Spec","<50","1042-131698-21256","232.00","6975326663243"
"Ulefone Armor Mini 20T Pro Dual 5G 256GB 8GB RAM Black (6975326663236) - EU Spec","<50","1042-131697-21254","299.00","6975326663236"
"Ulefone Armor X12 Pro Dual LTE 64GB 4GB RAM Black (6937748735427) - EU Spec","<50","1042-130415-20526","84.00","6937748735427"
"Ulefone Armor X12 Pro Dual LTE 64GB 4GB RAM Green (6937748735526) - EU Spec","<50","1042-130416-20527","84.00","6937748735526"
"Ulefone Armor X12 Pro Dual LTE 64GB 4GB RAM Orange (6937748735519) - EU Spec","<50","1042-130417-20521","84.00","6937748735519"
"Ulefone Armor X13 Dual LTE 64GB 6GB RAM Black (6937748735472) - EU Spec","<50","1042-130413-20523","99.00","6937748735472"
"Ulefone Armor X13 Dual LTE 64GB 6GB RAM Orange (6937748735533) - EU Spec","<50","1042-130414-20522","97.00","6937748735533"
"Ulefone Note 17 Pro Dual LTE 256GB 12GB RAM Black (6937748736042) - EU Spec","<5","1042-130999-20878","183.00","6937748736042"
"Ulefone Note 18 Ultra Dual 5G 256GB 6GB RAM Black (6937748736141) - EU Spec","<5","1042-131310-21053","133.00","6937748736141"
"Ulefone Note 18 Ultra Dual 5G 256GB 6GB RAM White (6937748736165) - EU Spec","<20","1042-131311-21052","133.00","6937748736165"
"Ulefone Note 18 Ultra Dual 5G 256GB 6GB RAM Gray (6937748736158) - EU Spec","<5","1042-131312-21054","133.00","6937748736158"
"Ulefone Power Armor 16s Dual LTE 128GB 8GB RAM Black (6937748736059) - EU Spec","<20","1042-131047-20902","134.00","6937748736059"
"Ulefone Power Armor 16s Dual LTE 128GB 8GB RAM Orange (6937748736066) - EU Spec","<30","1042-131048-20901","134.00","6937748736066"
"Ulefone Power Armor 17 Pro Dual LTE 256GB 8GB RAM Black (6937748735083) - EU Spec","<30","1042-130248-20456","178.00","6937748735083"
"Ulefone Power Armor 18 Ultra Version Dual 5G 512GB 12GB RAM Black (6937748735755) - EU Spec","<20","1042-130622-20654","281.00","6937748735755"
"Ulefone Power Armor 18T Ultra version Dual 5G 512GB 12GB RAM Black (6937748735748) - EU Spec","<50","1042-130621-20655","410.00","6937748735748"
"Ulefone Power Armor 19 Dual LTE 256GB 12GB RAM Black (6937748735236) - EU Spec","<20","1042-129540-20147","222.00","6937748735236"
"Ulefone Power Armor 19T Dual LTE 256GB 12GB RAM Black (6937748735298) - EU Spec","<30","1042-130247","315.00","6937748735298"
"Xiaomi 13T Dual 5G 256GB 8GB Black (6941812735664) - Global spec","<5","1003-130469","283.00","6941812735664"
"Xiaomi 14 Ultra Dual 5G 512GB 16GB Black (6941812763148) - Global spec","<5","1003-131297","880.00","6941812763148"
"Xiaomi 14T Dual 5G 256GB 12GB Titan Blue (6941812711828) - Global spec","<5","1003-131672-21236","360.00","6941812711828"
"Xiaomi 14T Dual 5G 512GB 12GB Titan Blue (6941812787274) - Global spec","<5","1003-131677-21228","395.00","6941812787274"
"Xiaomi Poco C75 Dual LTE 128GB 6GB RAM Black (6941812706879) - Global spec","<20","1003-131664-21219","96.00","6941812706879"
"Xiaomi Poco C75 Dual LTE 128GB 6GB RAM Gold (6941812708828) - Global spec","<20","1003-131665-21222","96.00","6941812708828"
"Xiaomi Poco C75 Dual LTE 256GB 8GB RAM Black (6941812706275) - Global spec","<20","1003-131666-21221","107.00","6941812706275"
"Xiaomi Poco C75 Dual LTE 256GB 8GB RAM Gold (6941812710500) - Global spec","<20","1003-131667-21220","107.00","6941812710500"
"Xiaomi Poco F6 Pro Dual 5G 512GB 12GB RAM White (6941812784471) - Global spec","<30","1003-131382","377.00","6941812784471"
"Xiaomi Redmi 13 Dual LTE 128GB 6GB RAM Blue (6941812779750) - Global spec","<50","1003-131623-21205","99.00","6941812779750"
"Xiaomi Redmi 13 Dual LTE 128GB 6GB RAM Midnight Black (6941812776803) - Global spec","<50","1003-131628","99.00","6941812776803"
"Xiaomi Redmi 13 Dual LTE 128GB 6GB RAM Pink (6941812780404) - Global spec","<20","1003-131269-21204","99.00","6941812780404"
"Xiaomi Redmi 13 Dual LTE 256GB 8GB RAM Midnight Black (with NFC) (6941812777015) - Global spec","<20","1003-131270-21181","117.00","6941812777015"
"Xiaomi Redmi 13 Dual LTE 256GB 8GB RAM Ocean Blue (with NFC) (6941812779835) - Global spec","<30","1003-131271-21038","117.00","6941812779835"
"Xiaomi Redmi 13 Dual LTE 256GB 8GB RAM Pink (with NFC) (6941812779675) - Global spec","<5","1003-131308-21039","117.00","6941812779675"
"Xiaomi Redmi 14C Dual LTE 128GB 4GB RAM Black (with NFC) (6941812798218) - Global spec","<20","1003-131668","87.00","6941812798218"
"Xiaomi Redmi 14C Dual LTE 128GB 4GB RAM Black (6941812798218) - Global spec","<50","1003-131629","87.00","6941812798218"
"Xiaomi Redmi 14C Dual LTE 128GB 4GB RAM Sage Green (with NFC) (6941812787670) - Global spec","<20","1003-131669","87.00","6941812787670"
"Xiaomi Redmi 14C Dual LTE 256GB 8GB RAM Black (with NFC) (6941812798423) - Global spec","<20","1003-131670-21218","111.00","6941812798423"
"Xiaomi Redmi 14C Dual LTE 128GB 4GB RAM Green (6941812787670) - Global spec","<30","1003-131622","87.00","6941812787670"
"Xiaomi Redmi A3 Dual LTE 64GB 3GB RAM Forest Green (6941812768150) - EU Spec","<20","1003-131155-20935","59.00","6941812768150"
"Xiaomi Redmi A3 Dual LTE 64GB 3GB RAM Star Blue (6941812768105) - Global spec","<20","1003-131335-21058","59.00","6941812768105"
"Xiaomi Redmi A3X Dual LTE 128GB 4GB RAM Moonlight White (6941812779354) - Global spec","<5","1003-131352-21065","72.00","6941812779354"
"Xiaomi Redmi A3X Dual LTE 64GB 3GB RAM Moonlight White (6941812779286) - Global spec","<20","1003-131276-21014","61.00","6941812779286"
"Xiaomi Redmi Note 13 Dual LTE 128GB 6GB RAM Green (6941812762004) - Global spec","<30","1003-130822-20750","117.00","6941812762004"
"Xiaomi Redmi Note 13 Dual LTE 256GB 8GB RAM Mint Green (with NFC) (6941812762134) - Global spec","<20","1003-131303-21041","129.00","6941812762134"
"Xiaomi Redmi Note 13 Dual LTE 512GB 8GB RAM Ice Blue (6941812776780) - Global spec","<20","1003-131569-21172","154.00","6941812776780"
"Xiaomi Redmi Note 13 Dual LTE 512GB 8GB RAM Midnight Black (6941812780770) - Global spec","<20","1003-131426-21171","154.00","6941812780770"
"Xiaomi Redmi Note 13 Dual LTE 512GB 8GB RAM Mint Green (6941812779804) - Global spec","<5","1003-131570-21173","154.00","6941812779804"
"Xiaomi Redmi Note 13 Pro Dual 5G 256GB 8GB RAM Aurora Purple (6941812750889) - Global spec","<20","1003-131178","221.00","6941812750889"
"Xiaomi Redmi Note 13 Pro Dual 5G 256GB 8GB Ocean Teal (6941812750674) - Global spec","<20","1003-130985","221.00","6941812750674"
"Xiaomi Redmi Note 13 Pro Dual 5G 256GB 8GB RAM Olive Green (6941812796832) - Global spec","<5","1003-131349-21224","221.00","6941812796832"
"Xiaomi Redmi Note 13 Pro Dual 5G 512GB 12GB RAM Aurora Purple (6941812750827) - Global spec","<5","1003-130837-20809","273.00","6941812750827"
"Xiaomi Redmi Note 13 Pro Dual 5G 512GB 12GB RAM Ocean Teal (6941812750759) - Global spec","<50","1003-130839-20803","273.00","6941812750759"
"Xiaomi Redmi Note 13 Pro Dual 5G 512GB 12GB RAM Olive Green (6941812796856) - Global spec","<5","1003-131576-21179","273.00","6941812796856"
"Xiaomi Redmi Note 13 Pro Dual LTE 256GB 8GB Lavender Purple (6941812762837) - Global spec","<20","1003-130913-20827","170.00","6941812762837"
"Xiaomi Redmi Note 13 Pro Dual LTE 256GB 8GB RAM Green (6941812762950) - Global spec","<20","1003-130836-20806","170.00","6941812762950"
"Xiaomi Redmi Note 13 Pro Plus Dual 5G 512GB 12GB RAM Midnight Black (6941812750544) - Global spec","<20","1003-130846-20811","282.00","6941812750544"
"Xiaomi Redmi Note 13 Pro Plus Dual 5G 512GB 12GB RAM Aurora Purple (6941812750636) - Global spec","<20","1003-131236-20999","282.00","6941812750636"
"Xiaomi Redmi Note 13 Pro Plus Dual 5G 256GB 8GB RAM Midnight Black (6941812750742) - Global spec","<50","1003-130844-20810","252.00","6941812750742"
"Xiaomi Redmi Note 13 Pro Plus Dual 5G 256GB 8GB Aurora Purple (6941812750711) - Global spec","<50","1003-131128","253.00","6941812750711"
"Xiaomi Redmi Note 13 Pro Plus Dual 5G 256GB 8GB Moonlight White (6941812750087) - Global spec","<50","1003-130806-21180","251.00","6941812750087"
"Xiaomi Redmi Note 13 Pro Plus Dual 5G 512GB 12GB RAM Moonlight White (6941812750049) - Global spec","<20","1003-131325","282.00","6941812750049"
"Apple Lightning USB-C Cable MQGH2ZM-A (190198496201) - EU Spec","<50","47001-131656-21247","12.00","190198496201"
"Apple Power Charger 20W USB-C MHJE3ZMA (194252157022) - EU Spec","<50","48001-129254","14.00","194252157022"
"Apple USB-C Cable (1M) MQKJ3ZM-A (194253494850) - EU Spec","<50","47001-131654-21246","12.00","194253494850"
"Ulefone Smart Keyboard for Tab A11 Pro (6937748736301) - EU Spec","<5","50009-131545-21155","24.00","6937748736301"
"Xiaomi Imilab C21 Home Security Camera 2.5K (6971085310640) - Asia Spec","<5","10002-131110-20953","21.00","6971085310640"
"Nintendo Switch 1.1 Neon Red Neon Blue +Switch Sport +Band +12 Month (0045496454012) - EU Spec","<20","30001-131550","237.00","0045496454012"
"Nintendo Switch Lite Turquoise + Animal C.N.H. + 12 Month NSO (045496453978) - EU Spec","<5","30001-131553-21164","182.00","045496453978"
"Nintendo Switch Lite Coral + Animal C.N.H. + 12 Month NSO (0045496453930) - EU Spec","<20","30001-131552","182.00","0045496453930"
"Nintendo Switch Lite Turquoise + Animal C.N.H. + 12 Month NSO (045496453954) - EU Spec","<20","30001-131553","182.00","045496453954"
"Nintendo Switch Lite Hyrule Edition Special Edition + 12 Month NSO (045496453893) - EU Spec","<20","30001-131551","194.00","045496453893"
"Sony PlayStation 5 - 1TB Digital Edition Slim White (711719577294) - EU Spec","<20","30003-131140","339.00","711719577294"
"Sony PlayStation 5 - 1TB Standard Edition Slim White (711719577171) - EU Spec","<30","30003-131384","415.00","711719577171"
"Sony PlayStation 5 Pro 2TB White (711719595472) - EU Spec","<20","30003-131684","660.00","711719595472"
"Apple MPNY3TY-A Airpods 3 (2022) with Lightning charging case White (194253324140) - EU Spec","<20","43003-128798","112.00","194253324140"
"Apple MXP93ZM-A Airpods 4 (2024) with Magsafe charging case USB-C (ANC) White (195949689673) - EU Spec","<20","43003-131627","152.00","195949689673"
"Samsung R400N Galaxy Buds FE White (8806095221625) - EU Spec","<20","43003-130526","48.00","8806095221625"
"Samsung R530 Galaxy Buds 3 White (8806095645810) - EU Spec","<20","43003-131373","82.00","8806095645810"
"Xiaomi Mi H300 Ionic Hair Dryer White (6934177744259) - EU Spec","<5","73002-126768","20.00","6934177744259"
"Apple MGN63TA MacBook Air Apple M1 8 Core 13 inch 256GB 8GB RAM Space Grey (194252056288) - EU Spec","<5","2001-131136","665.00","194252056288"
"Apple Watch Series 9 GPS 45mm Starlight Aluminium Case with Starlight Sport Loop MR983ET-A (195949030970) - EU Spec","<20","8001-131653-21211","305.00","195949030970"
"Apple Watch Series 9 GPS 41mm Silver Aluminium Case with Winter Blue Sport Loop MR923ET-A (195949030314) - EU Spec","<5","8001-131649-21209","287.00","195949030314"
"Apple Watch Series 9 GPS 45mm Midnight Aluminium Case with Midnight Sport Loop MR9C3ET-A (195949031304) - EU Spec","<30","8001-131650-21210","305.00","195949031304"
"Apple Watch Series 9 GPS 45mm Pink Aluminium Case with Light Pink Sport Loop MR9J3ET-A (195949031960) - EU Spec","<20","8001-131651-21208","305.00","195949031960"
"Apple Watch Series 9 GPS 45mm Silver Aluminium Case with Winter BLue Sport Loop MR9F3ET-A (195949031632) - EU Spec","<20","8001-131652-21207","305.00","195949031632"
"Samsung Galaxy L300 40mm Smart Watch 7 Green (8806095662282) - EU Spec","<50","8004-131371","161.00","8806095662282"
"Samsung Galaxy L305 40mm LTE Smart Watch 7 Green (8806095684536) - EU Spec","<30","8004-131408","190.00","8806095684536"
"Samsung Galaxy R390 Fit3 Silver (8806095362168) - EU Spec","<30","8004-131602","38.00","8806095362168"
"Samsung Galaxy L310 44mm Smart Watch 7 Green (8806095660981) - EU Spec","<30","8004-131372","191.00","8806095660981"
"Samsung Galaxy R960 47mm Smart Watch 6 Classic Silver (8806095038797) - EU Spec","<30","8004-130316","177.00","8806095038797"
"Samsung R861 Galaxy Watch FE Silver (8806095724164) - EU Spec","<30","43003-131460","97.00","8806095724164"
"Samsung Galaxy L705 47mm LTE Smart Watch Ultra Titanium White (8806095683331) - EU Spec","<20","8004-131399","340.00","8806095683331"
"Samsung R861 Galaxy Watch FE Pink Gold (8806095724287) - EU Spec","<20","8004-131466","97.00","8806095724287"
"Xiaomi Amazfit Active EDGE Mint Green (6972596107248) - Global spec","<20","8019-131199","82.00","6972596107248"
"Xiaomi Amazfit Balance Nylon Sunset Grey (6972596107446) - Global spec","<5","8019-131205","144.00","6972596107446"
"Xiaomi Amazfit Bip 5 Creamy White (6972596106821) - Global spec","<5","8019-131203","50.00","6972596106821"
"Xiaomi Amazfit Bip 5 Pastel Pink (6972596106838) - Global spec","<5","8019-131202","50.00","6972596106838"
"Xiaomi Amazfit Cheetah (Square) Winner Champagne (6972596106715) - Global spec","<5","8019-131206","114.00","6972596106715"
"Xiaomi Amazfit Cheetah PRO Runtrack Black (Titanium Alloy Bezel) (6972596106692) - Global spec","<5","8019-131207","174.00","6972596106692"
"Apple MK2K3TY-A iPad 9th Gen. 10.2 inch (2021) Wifi 64GB Space Grey (194252515754) - EU Spec","<5","2002-127138","265.00","194252515754"
"Apple MK2L3TY-A iPad 9th Gen. 10.2 inch (2021) Wifi 64GB Silver (194252516027) - EU Spec","<30","2002-127137","265.00","194252516027"
"Apple iPad 10th Gen. 10.9 inch (2024) Wifi 64GB Blue MCM84TY-A (195950068900) - EU Spec","<20","2002-131579","305.00","195950068900"
"Apple iPad 10th Gen. 10.9 inch (2024) Wifi 64GB Pink MCMC4TY-A (195950069020) - EU Spec","<20","2002-131683","305.00","195950069020"
"Apple iPad 10th Gen. 10.9 inch (2024) Wifi 64GB Silver MCM74TY-A (195950068849) - EU Spec","<20","2002-131580","305.00","195950068849"
"Apple iPad 10th Gen. 10.9 inch (2024) Wifi 64GB Yellow MCM94TY-A (195950068962) - EU Spec","<5","2002-131581","305.00","195950068962"
"Samsung X210 Galaxy Tab A9+ 11 wifi (2023) 64GB 4GB RAM Silver (8806095306209) - EU Spec","50+","2005-130955","125.00","8806095306209"
"Samsung X210 Galaxy Tab A9+ 11 wifi (2023) 64GB 4GB RAM Navy (8806095306278) - EU Spec","<5","2005-130956","125.00","8806095306278"
"Samsung X210 Galaxy Tab A9+ 11 wifi (2023) 64GB 4GB RAM Graphite (8806095306261) - EU Spec","50+","2005-130981","125.00","8806095306261"
"Samsung X216B Galaxy Tab A9+ 11 5G (2023) 128GB 8GB RAM Graphite (8806095306155) - EU Spec","<5","2005-131214","205.00","8806095306155"
"Samsung X216B Galaxy Tab A9+ 11 5G (2023) 64GB 4GB RAM Silver (8806095306063) - EU Spec","<20","2005-130932","162.00","8806095306063"
"Samsung T636B Galaxy Tab Active 4 Pro 10.1 5G 6GB RAM 128GB Enterprise Edition Black (8806094626278) - EU Spec","<20","2005-129108","430.00","8806094626278"
"Samsung X306B Galaxy Tab Active5 5G EE 128GB 6GB RAM Green (8806095466934) - EU Spec","<50","2005-131216","330.00","8806095466934"
"Samsung X826B Galaxy Tab S10 Plus 12.4 5G 256GB 12GB RAM Silver (8806095609492) - EU Spec","<20","2005-131563","835.00","8806095609492"
"Samsung X826B Galaxy Tab S10 Plus 12.4 5G 512GB 12GB RAM Platinum Silver (8806095609553) - EU Spec","<5","2005-131682","895.00","8806095609553"
"Samsung X920 Galaxy Tab S10 Ultra WiFi 256GB 12GB RAM Moonstone Gray (8806095596921) - EU Spec","<20","2005-131556","812.00","8806095596921"
"Samsung X926B Galaxy Tab S10 Ultra 5G 256GB 12GB RAM Platinum Silver (8806095601946) - EU Spec","<5","2005-131648","880.00","8806095601946"
"Samsung P620 Galaxy Tab S6 Lite (2024) 10.4 Wifi 128GB 4GB RAM Gray (8806095573113) - EU Spec","<20","2005-131243","195.00","8806095573113"
"Samsung X610 Galaxy Tab S9 FE+ 12.4 Wifi (2023) 8GB RAM 128GB Gray (8806095160788) - EU Spec","<20","2005-130484","405.00","8806095160788"
"Samsung X610 Galaxy Tab S9 FE+ 12.4 Wifi (2023) 8GB RAM 128GB Silver (8806095159454) - EU Spec","<20","2005-130485","405.00","8806095159454"
"Ulefone Armor Pad 2 Wifi 256GB 8GB RAM Black (6937748735700) - EU Spec","<20","1042-130623-20657","212.00","6937748735700"
"Ulefone Armor Pad 2 Wifi 256GB 8GB RAM Yellow (6937748735717) - EU Spec","<20","1042-130624-20656","215.00","6937748735717"
"Ulefone Armor Pad 3 Pro LTE 256GB 8GB RAM Black (6937748736080) - EU Spec","<30","2022-131118-20934","264.00","6937748736080"
"Ulefone Armor Pad 4 Ultra 5G 256GB 8GB RAM Black (6975326663267) - EU Spec","<20","2022-131702-21252","295.00","6975326663267"
"Ulefone Armor Pad 4 Ultra 5G 256GB 8GB RAM Black (Thermal version) (6975326663250) - EU Spec","<20","2022-131701-21248","358.00","6975326663250"
"Ulefone Armor Pad Lite Wifi 32GB 3GB RAM Black (6937748735588) - EU Spec","<20","1042-130422-20530","91.00","6937748735588"
"Ulefone Armor Pad LTE 64GB 4GB RAM Black (6937748735380) - EU Spec","<30","1042-130254-20452","109.00","6937748735380"
"Ulefone Armor Pad Pro LTE 128GB 8GB RAM Black (6937748736073) - EU Spec","<30","1042-131049-20903","141.00","6937748736073"
"Ulefone Tab A11 Wifi 128GB 4GB RAM Space Gray (6975326663670) - EU Spec","<30","2022-131704-21253","113.00","6975326663670"
"Ulefone Tab W10 Wifi 128GB 4GB RAM Space Gray (6975326663694) - EU Spec","<20","2022-131703-21255","75.00","6975326663694"
"Ulefone Tab A11 LTE 256GB 6GB RAM Space Gray (6975326663687) - EU Spec","<30","2022-131705-21257","126.00","6975326663687"
"Ulefone Tab A11 Pro LTE 128GB 8GB RAM Space Grey (6975326662864) - EU Spec","<30","2022-131543-21160","141.00","6975326662864"
"Ulefone Tab A11 Pro LTE 256GB 8GB RAM Space Grey (6975326662857) - EU Spec","<30","2022-131544-21161","152.00","6975326662857"
"Xiaomi Pad 6 Wifi 128GB 6GB RAM Gold (6941812730188) - Global spec","<5","2012-131237-21223","210.00","6941812730188"
"PNY GeForce Quadro RTX A2000 6GB GDDR6 192bit","50+","19003-127968","353.00",""
"2pin Charger (5V, 1A)","50+","13012-120117","3.02",""
"Ulefone UF005 Wireless Charger 15W Black (6937748734475) - EU Spec","<50","13002-131708-21249","15.00","6937748734475"
"Ulefone 50W wireless Charging Stand WCS01 (6937748735977) - EU Spec","<50","48012-130881-20784","25.00","6937748735977"
